{"cameraMode":{"drawMode":0,"name":"Shaded","section":"Shading Mode"},"sceneLighting":true,"audioPlay":false,"sceneViewState":{"m_AlwaysRefresh":false,"showFog":true,"showSkybox":true,"showFlares":true,"showImageEffects":true,"showParticleSystems":true,"showVisualEffectGraphs":true,"m_FxEnabled":true},"in2DMode":false,"pivot":{"x":0.9012870788574219,"y":0.9166717529296875,"z":-0.5275650024414063},"rotation":{"x":0.20676107704639436,"y":-0.16926850378513337,"z":0.03634484112262726,"w":0.9629731774330139},"size":5.01245641708374,"orthographic":true}